1;Business;3;Erik Wong;BIFO6D9JF;a5nzey7tihnrtgu;"1;Business;3;Erik Wong;BIFO6D9JF;a5nzey7tihnrtgu"
2;Business;3;Gladys Padilla;5T10YWT44;8c3y2hb38cr7wzv;"2;Business;3;Gladys Padilla;5T10YWT44;8c3y2hb38cr7wzv"
3;Business;3;Leigh Dougherty;L1BRLLZPF;e7zfjzaexwpsyde;"3;Business;3;Leigh Dougherty;L1BRLLZPF;e7zfjzaexwpsyde"
4;Business;3;Avery Roman;LV35JP0X9;byj7lesmbf257ve;"4;Business;3;Avery Roman;LV35JP0X9;byj7lesmbf257ve"
5;Business;3;Mari Fisher;3XVDTRRI1;33s5g74ilod2i32;"5;Business;3;Mari Fisher;3XVDTRRI1;33s5g74ilod2i32"
6;Business;2;Franklin Kent;60OCYK1XP;whc1nk7kcig8l3j;"6;Business;2;Franklin Kent;60OCYK1XP;whc1nk7kcig8l3j"
7;Business;3;Frieda Neal;166B07KLX;3rsrc03apc51dls;"7;Business;3;Frieda Neal;166B07KLX;3rsrc03apc51dls"
8;Business;2;Chadwick Carpenter;HNQGAXK43;m747zz3erat8wf7;"8;Business;2;Chadwick Carpenter;HNQGAXK43;m747zz3erat8wf7"
9;Business;2;Emerson Marks;2TUWFRNLO;ywmbo4tdzkgwxwi;"9;Business;2;Emerson Marks;2TUWFRNLO;ywmbo4tdzkgwxwi"
10;Business;2;Mayra Steele;19D1BXE4V;bgqztihklb5c17a;"10;Business;2;Mayra Steele;19D1BXE4V;bgqztihklb5c17a"
11;Business;2;Jodi Goodwin;JN50G850Q;ib3iaw7ws5mrh8d;"11;Business;2;Jodi Goodwin;JN50G850Q;ib3iaw7ws5mrh8d"
12;Business;3;Tracey Duarte;W45PH6KVS;cqr782jb9a4iptf;"12;Business;3;Tracey Duarte;W45PH6KVS;cqr782jb9a4iptf"
13;Business;3;Gus Juarez;73618V9CA;nkil02w8alkrkkm;"13;Business;3;Gus Juarez;73618V9CA;nkil02w8alkrkkm"
14;Business;3;Van Mcintosh;94DOCLPBH;y000vitkkknivur;"14;Business;3;Van Mcintosh;94DOCLPBH;y000vitkkknivur"
15;Business;2;Darwin Mccann;8BWFQ0Q3K;0yieihqos0x77uu;"15;Business;2;Darwin Mccann;8BWFQ0Q3K;0yieihqos0x77uu"
16;Business;3;Carolina Sharp;8QRI1IKHQ;tzcfqdv5g4aefr3;"16;Business;3;Carolina Sharp;8QRI1IKHQ;tzcfqdv5g4aefr3"
17;Business;3;Daron Glover;7HFMGK50V;f28ohd7z4n4nftw;"17;Business;3;Daron Glover;7HFMGK50V;f28ohd7z4n4nftw"
18;Business;3;Britney Drake;S0149IJII;as7q5jpescqma4l;"18;Business;3;Britney Drake;S0149IJII;as7q5jpescqma4l"
19;Business;2;Samantha Patrick;A6HU0BIFL;f7zph1r1zdn8fqq;"19;Business;2;Samantha Patrick;A6HU0BIFL;f7zph1r1zdn8fqq"
20;Business;3;Quinn Love;VY5MH4S99;g4f8bofrzwopszc;"20;Business;3;Quinn Love;VY5MH4S99;g4f8bofrzwopszc"
21;Business;2;Marian Crosby;WJTMWESGG;zweaghgqu8c9obz;"21;Business;2;Marian Crosby;WJTMWESGG;zweaghgqu8c9obz"
22;Business;3;Adolph Villa;OP63BB68D;dyxgi0zp4l0cwuq;"22;Business;3;Adolph Villa;OP63BB68D;dyxgi0zp4l0cwuq"
23;Business;2;Jordan Proctor;GK68LOCU3;vf33uxrshphsezm;"23;Business;2;Jordan Proctor;GK68LOCU3;vf33uxrshphsezm"
24;Business;2;Joy Macias;4BSF9V0EZ;6k90nagu4m6ci7t;"24;Business;2;Joy Macias;4BSF9V0EZ;6k90nagu4m6ci7t"
25;Business;2;Cordell Hahn;CTP1VVQHW;51672frdk8qsujk;"25;Business;2;Cordell Hahn;CTP1VVQHW;51672frdk8qsujk"
26;Business;2;Pierre Hurley;ZDTVA0QO0;f7t71qik0zyyczx;"26;Business;2;Pierre Hurley;ZDTVA0QO0;f7t71qik0zyyczx"
27;Business;3;Bernadine Powell;JKEUK5AHI;6b96c30tnx71wo8;"27;Business;3;Bernadine Powell;JKEUK5AHI;6b96c30tnx71wo8"
28;Business;2;Jamey Simpson;U6U7E8S6C;4uh3cmqat91nrnr;"28;Business;2;Jamey Simpson;U6U7E8S6C;4uh3cmqat91nrnr"
29;Business;2;Corine Dawson;8A9S3F2OC;eiwirsy1vv8zdc8;"29;Business;2;Corine Dawson;8A9S3F2OC;eiwirsy1vv8zdc8"
30;Business;3;Grant Becker;JGDJ4DLOR;sxh51r5wl9544mi;"30;Business;3;Grant Becker;JGDJ4DLOR;sxh51r5wl9544mi"
31;Business;2;Jeanne Sawyer;NVVLGL6PY;rf3b8uyx7kw1mxm;"31;Business;2;Jeanne Sawyer;NVVLGL6PY;rf3b8uyx7kw1mxm"
32;Business;2;Elvin Hunt;99Q0PPE8L;hnpizhtoehz6isf;"32;Business;2;Elvin Hunt;99Q0PPE8L;hnpizhtoehz6isf"
33;Business;2;Misty Nguyen;0R617US8Y;erp9ql9ob0a3ygt;"33;Business;2;Misty Nguyen;0R617US8Y;erp9ql9ob0a3ygt"
34;Business;3;Debra Mason;H7WACJGFG;spd8mpx6w6h7v9r;"34;Business;3;Debra Mason;H7WACJGFG;spd8mpx6w6h7v9r"
35;Business;2;Noe Carney;MZE18AXF0;8otv3glxrcxdx1h;"35;Business;2;Noe Carney;MZE18AXF0;8otv3glxrcxdx1h"
36;Business;3;Leandro Gillespie;FFWBFLDPV;jnkdjo12lmebz3c;"36;Business;3;Leandro Gillespie;FFWBFLDPV;jnkdjo12lmebz3c"
37;Business;2;Malinda Jennings;NA06OJVUW;hqvn67c30fs7rea;"37;Business;2;Malinda Jennings;NA06OJVUW;hqvn67c30fs7rea"
38;Business;2;Loren Wu;RK69JQFC8;99x4z636eqbqonk;"38;Business;2;Loren Wu;RK69JQFC8;99x4z636eqbqonk"
39;Business;3;Issac Frederick;J1MA51UL3;av27y2bny4qxzei;"39;Business;3;Issac Frederick;J1MA51UL3;av27y2bny4qxzei"
40;Business;3;Britt Key;P4HSHJIKF;a3tr14or0slxuak;"40;Business;3;Britt Key;P4HSHJIKF;a3tr14or0slxuak"
41;Business;2;Lionel Kirby;VO7P6Q7X7;h5mg4zb4ow7wg3t;"41;Business;2;Lionel Kirby;VO7P6Q7X7;h5mg4zb4ow7wg3t"
42;Business;3;Eloise Mccarty;05HP58YH8;u4gvir03h8p1crj;"42;Business;3;Eloise Mccarty;05HP58YH8;u4gvir03h8p1crj"
43;Business;3;Stephen Sampson;RAG2F9MDD;fuz2y3chqj92wt4;"43;Business;3;Stephen Sampson;RAG2F9MDD;fuz2y3chqj92wt4"
44;Business;3;Jamie Espinoza;CTEZYD6ZB;4wypuxuermqnitv;"44;Business;3;Jamie Espinoza;CTEZYD6ZB;4wypuxuermqnitv"
45;Business;3;Bill Trujillo;7RRYGMB05;uqaqer6798184ti;"45;Business;3;Bill Trujillo;7RRYGMB05;uqaqer6798184ti"
46;Business;3;Lacy Galloway;FBSL9YHSU;d8rn48xx55pztar;"46;Business;3;Lacy Galloway;FBSL9YHSU;d8rn48xx55pztar"
47;Business;2;Erin Maddox;1XGKASTS3;tln26k4zxkm4kik;"47;Business;2;Erin Maddox;1XGKASTS3;tln26k4zxkm4kik"
48;Business;2;Jeanette Mcdaniel;GSZQV7M7K;q2qos167tcggmr7;"48;Business;2;Jeanette Mcdaniel;GSZQV7M7K;q2qos167tcggmr7"
49;Premium Economy;1;Caleb Michael;67GJED9UT;5w216xa2mmcgwtg;"49;Premium Economy;1;Caleb Michael;67GJED9UT;5w216xa2mmcgwtg"
50;Premium Economy;1;Jean Jackson;5CJ4Q2B83;jn7gfq68upqrx05;"50;Premium Economy;1;Jean Jackson;5CJ4Q2B83;jn7gfq68upqrx05"
51;Premium Economy;1;Angelina Nicholson;D9IMQA6G5;mwxhn3mx7wejs1d;"51;Premium Economy;1;Angelina Nicholson;D9IMQA6G5;mwxhn3mx7wejs1d"
52;Premium Economy;1;Chelsea Sims;UB5RYEP9Q;p4m1yanloes9tsz;"52;Premium Economy;1;Chelsea Sims;UB5RYEP9Q;p4m1yanloes9tsz"
53;Premium Economy;2;Gilberto Shannon;XV41K7L7U;7ag7ahxbnpsef8i;"53;Premium Economy;2;Gilberto Shannon;XV41K7L7U;7ag7ahxbnpsef8i"
54;Premium Economy;1;Candy Clay;V0VYJR5LA;hh55z89nrs4f1i7;"54;Premium Economy;1;Candy Clay;V0VYJR5LA;hh55z89nrs4f1i7"
55;Premium Economy;1;George Goodwin;6G5M3L35H;ce5km8yiq2hmryu;"55;Premium Economy;1;George Goodwin;6G5M3L35H;ce5km8yiq2hmryu"
56;Premium Economy;2;Shauna Ortiz;71YPL8H5V;a66nm06cwkpran1;"56;Premium Economy;2;Shauna Ortiz;71YPL8H5V;a66nm06cwkpran1"
57;Premium Economy;1;Marco Harper;AJQ9D2J8J;pny1195v2o671j6;"57;Premium Economy;1;Marco Harper;AJQ9D2J8J;pny1195v2o671j6"
58;Premium Economy;2;Hilario Mcmahon;BQTSNCF6R;0w2y8p6sdl8tvbt;"58;Premium Economy;2;Hilario Mcmahon;BQTSNCF6R;0w2y8p6sdl8tvbt"
59;Premium Economy;1;Bennie Bray;J2FR59JOW;9m4zqfwf4bqi8tu;"59;Premium Economy;1;Bennie Bray;J2FR59JOW;9m4zqfwf4bqi8tu"
60;Premium Economy;1;Santos Mccall;UOEQVB6FU;zj4gmh3eb9kverp;"60;Premium Economy;1;Santos Mccall;UOEQVB6FU;zj4gmh3eb9kverp"
61;Premium Economy;2;Tammie Saunders;BLA514C25;trwy5pev3y4x381;"61;Premium Economy;2;Tammie Saunders;BLA514C25;trwy5pev3y4x381"
62;Premium Economy;1;Jules Molina;9CBY6I97S;14363noeukllab7;"62;Premium Economy;1;Jules Molina;9CBY6I97S;14363noeukllab7"
63;Premium Economy;2;Eddy Huffman;81D6BQ3QY;farwq36g7jq3vxn;"63;Premium Economy;2;Eddy Huffman;81D6BQ3QY;farwq36g7jq3vxn"
64;Premium Economy;2;Nancy Sherman;7OYEP2K8Z;ccjwf639o4twzc0;"64;Premium Economy;2;Nancy Sherman;7OYEP2K8Z;ccjwf639o4twzc0"
65;Premium Economy;1;Marjorie Bailey;AAGK3CKG8;g942f99pbscgj3i;"65;Premium Economy;1;Marjorie Bailey;AAGK3CKG8;g942f99pbscgj3i"
66;Premium Economy;1;Sandra Wiggins;1SDFL0ASJ;ry97iva0jzi2138;"66;Premium Economy;1;Sandra Wiggins;1SDFL0ASJ;ry97iva0jzi2138"
67;Premium Economy;2;Jared Bolton;LMJYG18YQ;xmsweqvcf53ow4r;"67;Premium Economy;2;Jared Bolton;LMJYG18YQ;xmsweqvcf53ow4r"
68;Premium Economy;2;Alison Santos;0499AYZZ7;ugomzqj6he0brhk;"68;Premium Economy;2;Alison Santos;0499AYZZ7;ugomzqj6he0brhk"
69;Premium Economy;2;Reed Richards;NDPU6C39I;kbc6pd1ps1ophj5;"69;Premium Economy;2;Reed Richards;NDPU6C39I;kbc6pd1ps1ophj5"
70;Economy;1;Darnell Hodge;B4UC4XHMV;bwjq1xn60i53ru6;"70;Economy;1;Darnell Hodge;B4UC4XHMV;bwjq1xn60i53ru6"
71;Economy;1;Danny Knapp;TCM17QO4V;351dpvcjkjuby7v;"71;Economy;1;Danny Knapp;TCM17QO4V;351dpvcjkjuby7v"
72;Economy;1;Aisha Mooney;Y3AP3LJ9S;m3ee6wmmew4fmmb;"72;Economy;1;Aisha Mooney;Y3AP3LJ9S;m3ee6wmmew4fmmb"
73;Economy;1;Goldie Melendez;4712QLB51;0fsgyvpsbk26f9u;"73;Economy;1;Goldie Melendez;4712QLB51;0fsgyvpsbk26f9u"
74;Economy;1;Dale Gamble;4MFMBXPHG;p8n9m59gto6irc8;"74;Economy;1;Dale Gamble;4MFMBXPHG;p8n9m59gto6irc8"
75;Economy;1;Alva Joyce;3O6VYXWWR;o0s8elauowbwrs9;"75;Economy;1;Alva Joyce;3O6VYXWWR;o0s8elauowbwrs9"
76;Economy;1;Stewart Ellison;UNM5P9HYE;x6ujjztpu47skgj;"76;Economy;1;Stewart Ellison;UNM5P9HYE;x6ujjztpu47skgj"
77;Economy;1;Ada Dean;NOJGPYKH8;q5un50zf2r54pm7;"77;Economy;1;Ada Dean;NOJGPYKH8;q5un50zf2r54pm7"
78;Economy;1;Marguerite Ballard;AZY78YX3V;ce847dqingyspbu;"78;Economy;1;Marguerite Ballard;AZY78YX3V;ce847dqingyspbu"
79;Economy;1;Dirk Norris;KRH2V5UAX;xkrldoh5nr2nwcv;"79;Economy;1;Dirk Norris;KRH2V5UAX;xkrldoh5nr2nwcv"
80;Economy;1;Myron Clements;F6I8RLFAF;ue1d6z7ppbp7w2q;"80;Economy;1;Myron Clements;F6I8RLFAF;ue1d6z7ppbp7w2q"
81;Economy;1;Rosendo Stephens;2XMO5F81A;dl6tqgirjhn0wm9;"81;Economy;1;Rosendo Stephens;2XMO5F81A;dl6tqgirjhn0wm9"
82;Economy;1;Carlo Jackson;RPPZ0ANVI;ngkf59m5avza0kw;"82;Economy;1;Carlo Jackson;RPPZ0ANVI;ngkf59m5avza0kw"
83;Economy;1;Cecelia Harrell;5KTVYZ3VY;as6bwubvjgbcqdd;"83;Economy;1;Cecelia Harrell;5KTVYZ3VY;as6bwubvjgbcqdd"
84;Economy;1;Everette Hobbs;W6RA2SBTR;piq0y57evf23148;"84;Economy;1;Everette Hobbs;W6RA2SBTR;piq0y57evf23148"
85;Economy;1;Bonnie Gray;R9GM19O1Z;hkatel3a2ts1uz9;"85;Economy;1;Bonnie Gray;R9GM19O1Z;hkatel3a2ts1uz9"
86;Economy;1;Granville Hogan;EACJX6P2I;09b1ekas8xxin0m;"86;Economy;1;Granville Hogan;EACJX6P2I;09b1ekas8xxin0m"
87;Economy;1;Laverne Chase;J3N392XQ7;vtjipa2bi9i1m97;"87;Economy;1;Laverne Chase;J3N392XQ7;vtjipa2bi9i1m97"
88;Economy;1;Byron Benson;USO04L7GX;x0t55yyfntiao1u;"88;Economy;1;Byron Benson;USO04L7GX;x0t55yyfntiao1u"
89;Economy;1;Arthur May;P6C57B68W;x3lh89xpjmf5oj4;"89;Economy;1;Arthur May;P6C57B68W;x3lh89xpjmf5oj4"
90;Economy;1;Berry Coffey;1P2R2982Q;7yhe6iyyxhvwfiq;"90;Economy;1;Berry Coffey;1P2R2982Q;7yhe6iyyxhvwfiq"
91;Economy;1;Donovan Hull;FH71IRBCP;m354cttvir8zxs7;"91;Economy;1;Donovan Hull;FH71IRBCP;m354cttvir8zxs7"
92;Economy;1;Clement Kelley;CR5KOT67S;5szryeni5f46pc0;"92;Economy;1;Clement Kelley;CR5KOT67S;5szryeni5f46pc0"
93;Economy;1;Jame Walsh;LMEYRWGO8;ug05m1rwdsvogkh;"93;Economy;1;Jame Walsh;LMEYRWGO8;ug05m1rwdsvogkh"
94;Economy;1;Florentino Mcfarland;8CXLWGAV6;0b5ksmle6vbu7cu;"94;Economy;1;Florentino Mcfarland;8CXLWGAV6;0b5ksmle6vbu7cu"
95;Economy;1;Joy Stafford;EH4OYL11H;tp4ue0apyl0xex8;"95;Economy;1;Joy Stafford;EH4OYL11H;tp4ue0apyl0xex8"
96;Economy;1;Garry Barnett;L6RI6J4Z2;lcmajb2y8csk3x2;"96;Economy;1;Garry Barnett;L6RI6J4Z2;lcmajb2y8csk3x2"
97;Economy;1;Mabel Richardson;CD2VTZ0EV;zjssxj4ql23b1vn;"97;Economy;1;Mabel Richardson;CD2VTZ0EV;zjssxj4ql23b1vn"
98;Economy;1;Kristine Christensen;ZVRPF0MS1;1k8duusvra980b3;"98;Economy;1;Kristine Christensen;ZVRPF0MS1;1k8duusvra980b3"
99;Economy;1;Roderick Barr;YK72H7VEB;m8ekwjrm9ko0b1f;"99;Economy;1;Roderick Barr;YK72H7VEB;m8ekwjrm9ko0b1f"
100;Economy;1;Beatriz Yu;TN94HM0EM;yr4f5e175l5tj3q;"100;Economy;1;Beatriz Yu;TN94HM0EM;yr4f5e175l5tj3q"
101;Economy;1;Katheryn Jimenez;A7TEM98LZ;dn35di1munq40zp;"101;Economy;1;Katheryn Jimenez;A7TEM98LZ;dn35di1munq40zp"
102;Economy;1;Gary Bennett;BLO6GSC0A;rk00hombqmcglcq;"102;Economy;1;Gary Bennett;BLO6GSC0A;rk00hombqmcglcq"
103;Economy;1;Dannie Miller;T7G9JTVKZ;9lhyqwyeolemfpu;"103;Economy;1;Dannie Miller;T7G9JTVKZ;9lhyqwyeolemfpu"
104;Economy;1;Edmundo Haley;ZPFQBSYEC;vey4hdyucwemjyf;"104;Economy;1;Edmundo Haley;ZPFQBSYEC;vey4hdyucwemjyf"
105;Economy;1;Domenic Rosales;I5VFQCRX3;k0vgmfcdzkk89qc;"105;Economy;1;Domenic Rosales;I5VFQCRX3;k0vgmfcdzkk89qc"
106;Economy;1;Brittney Oliver;CVEFUOP7B;mymh5dwp2h3mvxn;"106;Economy;1;Brittney Oliver;CVEFUOP7B;mymh5dwp2h3mvxn"
107;Economy;1;Humberto Villarreal;0GQ9XA57W;kth4f2cwwkfok60;"107;Economy;1;Humberto Villarreal;0GQ9XA57W;kth4f2cwwkfok60"
108;Economy;1;Tessa Richards;RY7KQGX9I;bdld017ilknvgz7;"108;Economy;1;Tessa Richards;RY7KQGX9I;bdld017ilknvgz7"
109;Economy;1;Tammy Stevenson;JMJWPXTQU;tn57a9x4wbvcoyz;"109;Economy;1;Tammy Stevenson;JMJWPXTQU;tn57a9x4wbvcoyz"
110;Economy;1;Steven Castillo;IHDHQBGTS;fg010z4q1aa77zm;"110;Economy;1;Steven Castillo;IHDHQBGTS;fg010z4q1aa77zm"
111;Economy;1;Iva Salazar;MFJ9JMY0H;m9atmaodonvasrd;"111;Economy;1;Iva Salazar;MFJ9JMY0H;m9atmaodonvasrd"
112;Economy;1;Horacio Freeman;IW4FM8S82;7kk0maqhwywqlds;"112;Economy;1;Horacio Freeman;IW4FM8S82;7kk0maqhwywqlds"
113;Economy;1;Tiffany Rosario;AATOWXYFL;9x1siyimrrzf9bb;"113;Economy;1;Tiffany Rosario;AATOWXYFL;9x1siyimrrzf9bb"
114;Economy;1;Bonnie Wise;NPMJ50Q7H;8dsr5tckmjaqj3y;"114;Economy;1;Bonnie Wise;NPMJ50Q7H;8dsr5tckmjaqj3y"
115;Economy;1;Murray Mclaughlin;V0Q6W1S8D;x4xi2k1ke4qt62o;"115;Economy;1;Murray Mclaughlin;V0Q6W1S8D;x4xi2k1ke4qt62o"
116;Economy;1;Darell Barker;KHEX94RNT;qgk4nvt29ppcwev;"116;Economy;1;Darell Barker;KHEX94RNT;qgk4nvt29ppcwev"
117;Economy;1;Geraldo Gross;71DS92WTG;47kpfpo4tosgyv3;"117;Economy;1;Geraldo Gross;71DS92WTG;47kpfpo4tosgyv3"
118;Economy;1;Teddy Faulkner;2BIFMHTVD;rrowtzoxhaddytb;"118;Economy;1;Teddy Faulkner;2BIFMHTVD;rrowtzoxhaddytb"
119;Economy;1;Denise Maddox;KR52PV1QC;k9gfvlgh1vaxe39;"119;Economy;1;Denise Maddox;KR52PV1QC;k9gfvlgh1vaxe39"
120;Economy;1;Alissa Shaffer;6UGAS39JE;twzqviqsxr5fnj8;"120;Economy;1;Alissa Shaffer;6UGAS39JE;twzqviqsxr5fnj8"
121;Economy;1;Josue Whitaker;KLYTUBE9A;jau60jv2nhm023u;"121;Economy;1;Josue Whitaker;KLYTUBE9A;jau60jv2nhm023u"
122;Economy;1;Laura Wilkerson;JLIT1RU9T;wicxe9m45suciwn;"122;Economy;1;Laura Wilkerson;JLIT1RU9T;wicxe9m45suciwn"
123;Economy;1;Joshua Mcneil;0YRKT4TVS;yweev3t17j6x8n1;"123;Economy;1;Joshua Mcneil;0YRKT4TVS;yweev3t17j6x8n1"
124;Economy;1;Gale Hickman;OW4H2450X;r9pjmd7618zxig7;"124;Economy;1;Gale Hickman;OW4H2450X;r9pjmd7618zxig7"
125;Economy;1;Rusty Gibbs;UEOHFOZ3T;mwvnx388lrhuodn;"125;Economy;1;Rusty Gibbs;UEOHFOZ3T;mwvnx388lrhuodn"
126;Economy;1;Carter Webb;L8OCQD817;wkus83irsbpq18y;"126;Economy;1;Carter Webb;L8OCQD817;wkus83irsbpq18y"
127;Economy;1;Frankie Harding;C2RQOWCG6;v8uapbw4o0zgfaz;"127;Economy;1;Frankie Harding;C2RQOWCG6;v8uapbw4o0zgfaz"
128;Economy;1;Nigel Dorsey;UXPXVN8TA;hb60uutsvl3nn30;"128;Economy;1;Nigel Dorsey;UXPXVN8TA;hb60uutsvl3nn30"
129;Economy;1;Devon Terrell;923HJ09PO;9k9gizkbel7kvqw;"129;Economy;1;Devon Terrell;923HJ09PO;9k9gizkbel7kvqw"
130;Economy;1;Young Campbell;VY91A048P;l0ootpwr7gblr1e;"130;Economy;1;Young Campbell;VY91A048P;l0ootpwr7gblr1e"
131;Economy;1;Erin Welch;MN9KG8VAY;kw4i6x3yw51513i;"131;Economy;1;Erin Welch;MN9KG8VAY;kw4i6x3yw51513i"
132;Economy;1;Jewell Wilcox;1DETECF65;g09v8usfkzt5h80;"132;Economy;1;Jewell Wilcox;1DETECF65;g09v8usfkzt5h80"
133;Economy;1;Jacob Larson;1TOOHHTGT;12plo4kfs6rg5z5;"133;Economy;1;Jacob Larson;1TOOHHTGT;12plo4kfs6rg5z5"
134;Economy;1;Dollie Obrien;XXWUPR5KL;227igsp8wdwj3of;"134;Economy;1;Dollie Obrien;XXWUPR5KL;227igsp8wdwj3of"
135;Economy;1;Lance Riddle;MHZRQ5O5V;1knvh4qf04dp3k7;"135;Economy;1;Lance Riddle;MHZRQ5O5V;1knvh4qf04dp3k7"
136;Economy;1;Marcelino Hartman;JEDEJO07D;5asccw2tstqv9yi;"136;Economy;1;Marcelino Hartman;JEDEJO07D;5asccw2tstqv9yi"
137;Economy;1;Deandre Ballard;R2Y57A7JL;91t0x17r2tepzgy;"137;Economy;1;Deandre Ballard;R2Y57A7JL;91t0x17r2tepzgy"
138;Economy;1;Daryl Ramsey;V84AM01ZE;6nhdqgt751yo35x;"138;Economy;1;Daryl Ramsey;V84AM01ZE;6nhdqgt751yo35x"
139;Economy;1;Deangelo Chen;GYDQSJ2YJ;va56g6wv5qmgool;"139;Economy;1;Deangelo Chen;GYDQSJ2YJ;va56g6wv5qmgool"
140;Economy;1;Emmitt Hodge;0XBE6R66V;bgepp9bo69mpjjs;"140;Economy;1;Emmitt Hodge;0XBE6R66V;bgepp9bo69mpjjs"
141;Economy;1;Cindy Grimes;1KLW29LG0;8t5w67capzkb5zd;"141;Economy;1;Cindy Grimes;1KLW29LG0;8t5w67capzkb5zd"
142;Economy;1;Lizzie Gill;PP3I5FLU2;aykuti471z0qefy;"142;Economy;1;Lizzie Gill;PP3I5FLU2;aykuti471z0qefy"
143;Economy;1;Garfield Quinn;76HHU0MWE;lizfckvysijk4ot;"143;Economy;1;Garfield Quinn;76HHU0MWE;lizfckvysijk4ot"
144;Economy;1;Bonita Lozano;43E43Y8NU;ydhbug8fjrigudy;"144;Economy;1;Bonita Lozano;43E43Y8NU;ydhbug8fjrigudy"
145;Economy;1;Simon Bryan;D2PGO2DTJ;vnjjnu4f0u5huma;"145;Economy;1;Simon Bryan;D2PGO2DTJ;vnjjnu4f0u5huma"
146;Economy;1;Neva Thompson;TEIQG1VEP;5dd9k6yq75yuu0c;"146;Economy;1;Neva Thompson;TEIQG1VEP;5dd9k6yq75yuu0c"
147;Economy;1;Adriana Bailey;O3103CY1I;l43o02uidw48ib1;"147;Economy;1;Adriana Bailey;O3103CY1I;l43o02uidw48ib1"
148;Economy;1;Kayla Hanna;47Q3QPWXP;ru8r072w5m7sawg;"148;Economy;1;Kayla Hanna;47Q3QPWXP;ru8r072w5m7sawg"
149;Economy;1;Cary Howell;0Z3JOMDFC;63r0ymq4h1926sr;"149;Economy;1;Cary Howell;0Z3JOMDFC;63r0ymq4h1926sr"
150;Economy;1;Paulette Hebert;9XUAR5QLF;raq2bw7nzoa7e14;"150;Economy;1;Paulette Hebert;9XUAR5QLF;raq2bw7nzoa7e14"
151;Economy;1;Bobbie Benjamin;4ENX0DDO5;msifv91dnu97012;"151;Economy;1;Bobbie Benjamin;4ENX0DDO5;msifv91dnu97012"
152;Economy;1;Lindsay Hebert;QAT0B8KRX;angpv3hfmnk2mze;"152;Economy;1;Lindsay Hebert;QAT0B8KRX;angpv3hfmnk2mze"
153;Economy;1;Terra Hicks;GH9D2HW9W;97i6w9c0yvcy09g;"153;Economy;1;Terra Hicks;GH9D2HW9W;97i6w9c0yvcy09g"
154;Economy;1;Brain Weaver;DTCK4JZNM;hlo9kppyj6hl9b8;"154;Economy;1;Brain Weaver;DTCK4JZNM;hlo9kppyj6hl9b8"
155;Economy;1;Freda Mccann;JGVOM0A16;6rb4u5tqxqqfcsu;"155;Economy;1;Freda Mccann;JGVOM0A16;6rb4u5tqxqqfcsu"
156;Economy;1;Elliott Rush;BSOTIHEQ9;8v1bohz5ydm82lt;"156;Economy;1;Elliott Rush;BSOTIHEQ9;8v1bohz5ydm82lt"
157;Economy;1;Elbert Baldwin;4GP5R53XW;9zddp8c603zklz3;"157;Economy;1;Elbert Baldwin;4GP5R53XW;9zddp8c603zklz3"
158;Economy;1;Lawanda Buck;CG5DRZQNT;e93yphko5xdfzem;"158;Economy;1;Lawanda Buck;CG5DRZQNT;e93yphko5xdfzem"
159;Economy;1;Sonya Serrano;HS02T06J0;7i50lam4nu1rnn4;"159;Economy;1;Sonya Serrano;HS02T06J0;7i50lam4nu1rnn4"
160;Economy;1;Wilmer Short;IG9G6MWI8;zxsjdfj1uuyz97f;"160;Economy;1;Wilmer Short;IG9G6MWI8;zxsjdfj1uuyz97f"
161;Economy;1;Ida Benson;TP0ZIBFAL;znew12eki3e5xbp;"161;Economy;1;Ida Benson;TP0ZIBFAL;znew12eki3e5xbp"
162;Economy;1;Teri Daugherty;EB8VNG7B1;oxjllt1nxo4y0hy;"162;Economy;1;Teri Daugherty;EB8VNG7B1;oxjllt1nxo4y0hy"
163;Economy;1;Darell Maxwell;0Y9NCXYLP;lm1yotduicqtco7;"163;Economy;1;Darell Maxwell;0Y9NCXYLP;lm1yotduicqtco7"
164;Economy;1;Lorene Reeves;UXAPZATJN;ac653oi3w1d324j;"164;Economy;1;Lorene Reeves;UXAPZATJN;ac653oi3w1d324j"
165;Economy;1;Tomas Lang;TD94A2VER;gnfa4chimwv04w0;"165;Economy;1;Tomas Lang;TD94A2VER;gnfa4chimwv04w0"
166;Economy;1;Homer Obrien;Y61WSC84E;we4lbrnfcl6q368;"166;Economy;1;Homer Obrien;Y61WSC84E;we4lbrnfcl6q368"
167;Economy;1;Shayne Richardson;CP0G0IVCB;rnk6zib1uqalo9m;"167;Economy;1;Shayne Richardson;CP0G0IVCB;rnk6zib1uqalo9m"
168;Economy;1;Richard Brennan;47D4WFOT4;12qjgcrpi447qoi;"168;Economy;1;Richard Brennan;47D4WFOT4;12qjgcrpi447qoi"
169;Economy;1;Israel Robertson;2EMK4BPUY;1n5n91wjan668ai;"169;Economy;1;Israel Robertson;2EMK4BPUY;1n5n91wjan668ai"
170;Economy;1;Noelle Lozano;WLC1P3WP9;yhlurtl4ked84vf;"170;Economy;1;Noelle Lozano;WLC1P3WP9;yhlurtl4ked84vf"
171;Economy;1;Kimberly Terrell;9VHUTIRH2;pv21jus50kg88m8;"171;Economy;1;Kimberly Terrell;9VHUTIRH2;pv21jus50kg88m8"
172;Economy;1;Blake Stevenson;2E1LRK1I8;q8e8kmwf4fnp051;"172;Economy;1;Blake Stevenson;2E1LRK1I8;q8e8kmwf4fnp051"
173;Economy;1;Dusty Hood;7AEGXVPXH;lg1u29tap7v9ol3;"173;Economy;1;Dusty Hood;7AEGXVPXH;lg1u29tap7v9ol3"
174;Economy;1;Jeffrey Dickerson;ESNQIJYB3;dtskt0xlzw6osnj;"174;Economy;1;Jeffrey Dickerson;ESNQIJYB3;dtskt0xlzw6osnj"
175;Economy;1;Becky Stein;QF41HPSPO;xmj8hdjfabbk2ez;"175;Economy;1;Becky Stein;QF41HPSPO;xmj8hdjfabbk2ez"
176;Economy;1;Adrian Ponce;P2UK4S6GF;3ey2eyy8ay7nfih;"176;Economy;1;Adrian Ponce;P2UK4S6GF;3ey2eyy8ay7nfih"
177;Economy;1;Aimee Galvan;NU1R4JN64;035wv6kkr24ws95;"177;Economy;1;Aimee Galvan;NU1R4JN64;035wv6kkr24ws95"
178;Economy;1;Raymundo Krause;HTFC3AWEB;o2po66x99fo0dzj;"178;Economy;1;Raymundo Krause;HTFC3AWEB;o2po66x99fo0dzj"
179;Economy;1;Dominic Guerrero;NHRW6BPJ0;gptc3e0j1ahs81r;"179;Economy;1;Dominic Guerrero;NHRW6BPJ0;gptc3e0j1ahs81r"
180;Economy;1;Lucinda Barrera;3QJB1LCD2;jim625srsfme5tr;"180;Economy;1;Lucinda Barrera;3QJB1LCD2;jim625srsfme5tr"
181;Economy;1;Kathleen Snyder;O2R7RO1HG;rsziw8h0j7umesf;"181;Economy;1;Kathleen Snyder;O2R7RO1HG;rsziw8h0j7umesf"
182;Economy;1;Virgilio Cummings;HCSLZPAYI;4qvggft80v8grw1;"182;Economy;1;Virgilio Cummings;HCSLZPAYI;4qvggft80v8grw1"
183;Economy;1;Fernando Wilkins;VOLHT86XM;x1tav6ycn3lbg1t;"183;Economy;1;Fernando Wilkins;VOLHT86XM;x1tav6ycn3lbg1t"
184;Economy;1;Vivian Kim;6F2VGVOZN;rczjdgaks7tftz1;"184;Economy;1;Vivian Kim;6F2VGVOZN;rczjdgaks7tftz1"
185;Economy;1;Kristi Whitaker;K2IZ3VDFR;ocxw44aql4rngt8;"185;Economy;1;Kristi Whitaker;K2IZ3VDFR;ocxw44aql4rngt8"
186;Economy;1;Eusebio Townsend;BGXGPWB70;5yg9agep07kdpks;"186;Economy;1;Eusebio Townsend;BGXGPWB70;5yg9agep07kdpks"
187;Economy;1;Rachel Bauer;8KHSGB36Q;kvmqzxu1vogxxc0;"187;Economy;1;Rachel Bauer;8KHSGB36Q;kvmqzxu1vogxxc0"
188;Economy;1;Deloris Austin;PY0KE9K2H;58113f4ttblplg9;"188;Economy;1;Deloris Austin;PY0KE9K2H;58113f4ttblplg9"
189;Economy;1;Delbert Mclaughlin;WHX443GOU;kq8t0hb2z2fig1r;"189;Economy;1;Delbert Mclaughlin;WHX443GOU;kq8t0hb2z2fig1r"
190;Economy;1;Zane Burton;CMYXC7NNV;0izw1ebcp1f62hx;"190;Economy;1;Zane Burton;CMYXC7NNV;0izw1ebcp1f62hx"
191;Economy;1;Billy Salas;CPOUF1EBT;y1vbk3omun7ckva;"191;Economy;1;Billy Salas;CPOUF1EBT;y1vbk3omun7ckva"
192;Economy;1;Paris Chen;H06IAPXK9;mqjtq4fk7utikxx;"192;Economy;1;Paris Chen;H06IAPXK9;mqjtq4fk7utikxx"
193;Economy;1;Rodney Donaldson;ADKMSUOEG;7ifby6qv72zpauo;"193;Economy;1;Rodney Donaldson;ADKMSUOEG;7ifby6qv72zpauo"
194;Economy;1;Delmer Johnson;F3V78CDN7;178vsok87rntf22;"194;Economy;1;Delmer Johnson;F3V78CDN7;178vsok87rntf22"
195;Economy;1;Jerold Oconnor;DN362Q8E8;3xic8dv5rrp4m6e;"195;Economy;1;Jerold Oconnor;DN362Q8E8;3xic8dv5rrp4m6e"
196;Economy;1;Jeremiah Meyer;YO6EP6M4Z;kencgb53eqsdo8q;"196;Economy;1;Jeremiah Meyer;YO6EP6M4Z;kencgb53eqsdo8q"
197;Economy;1;Emmitt Madden;K50O89QOB;6oio2dvinymx7f4;"197;Economy;1;Emmitt Madden;K50O89QOB;6oio2dvinymx7f4"
198;Economy;1;Tracy Cohen;U9Y1CIK9D;uddmzt3ks0z3gy4;"198;Economy;1;Tracy Cohen;U9Y1CIK9D;uddmzt3ks0z3gy4"
199;Economy;1;Judith Compton;9PRTLTLBM;brun3ekl5jl52d5;"199;Economy;1;Judith Compton;9PRTLTLBM;brun3ekl5jl52d5"
200;Economy;1;Billie Atkinson;CAO47P21P;bk86dgxp56mi3b8;"200;Economy;1;Billie Atkinson;CAO47P21P;bk86dgxp56mi3b8"
201;Economy;1;Sue Holmes;XFJBO3F3K;nepvrxjs167m72p;"201;Economy;1;Sue Holmes;XFJBO3F3K;nepvrxjs167m72p"
202;Economy;1;Horace Barajas;O24TE87P3;06kkhk5ib2rh072;"202;Economy;1;Horace Barajas;O24TE87P3;06kkhk5ib2rh072"
203;Economy;1;Aubrey Dunn;IS3CRLEYZ;fnat2qnr765pb28;"203;Economy;1;Aubrey Dunn;IS3CRLEYZ;fnat2qnr765pb28"
204;Economy;1;Ana Hogan;8FZE5ZZW4;kuidjqn0b1tq5xu;"204;Economy;1;Ana Hogan;8FZE5ZZW4;kuidjqn0b1tq5xu"
205;Economy;1;Deirdre Valdez;U837AB3CU;w0c9mpgb44pa22i;"205;Economy;1;Deirdre Valdez;U837AB3CU;w0c9mpgb44pa22i"
206;Economy;1;Darius Padilla;G3HXRXDVX;qryy040j8d5j3yo;"206;Economy;1;Darius Padilla;G3HXRXDVX;qryy040j8d5j3yo"
207;Economy;1;Earline Gould;6GAYV38QN;vykwhdvtsyxfgaw;"207;Economy;1;Earline Gould;6GAYV38QN;vykwhdvtsyxfgaw"
208;Economy;1;Sheree Solis;Z555H2262;hr0d1c862h22ma3;"208;Economy;1;Sheree Solis;Z555H2262;hr0d1c862h22ma3"
209;Economy;1;Ina Cook;XD2ULFR9B;alpd15iela28l3e;"209;Economy;1;Ina Cook;XD2ULFR9B;alpd15iela28l3e"
210;Economy;1;Christina Cain;RT6VSJAWV;43uy4lnxs4oug15;"210;Economy;1;Christina Cain;RT6VSJAWV;43uy4lnxs4oug15"
211;Economy;1;Briana Ballard;BNS3VOQ5T;ay5l4ozcfli6n1g;"211;Economy;1;Briana Ballard;BNS3VOQ5T;ay5l4ozcfli6n1g"
212;Economy;1;Earnestine Dodson;6ZAX1AZHL;m9z5z1q7746j5pa;"212;Economy;1;Earnestine Dodson;6ZAX1AZHL;m9z5z1q7746j5pa"
213;Economy;1;Merrill Sandoval;OXIGQ7ZK1;s85r98erxwq59pj;"213;Economy;1;Merrill Sandoval;OXIGQ7ZK1;s85r98erxwq59pj"
214;Economy;1;Georgina House;TW0ZR0PIR;8ea6jx3txms467h;"214;Economy;1;Georgina House;TW0ZR0PIR;8ea6jx3txms467h"
215;Economy;1;Russell Cobb;PFRFKZBFH;07ic1lgrx6lic1t;"215;Economy;1;Russell Cobb;PFRFKZBFH;07ic1lgrx6lic1t"
216;Economy;1;Jewel Goodman;HOCBVOQ86;8w497rojsg1kv6w;"216;Economy;1;Jewel Goodman;HOCBVOQ86;8w497rojsg1kv6w"
217;Economy;1;Travis Kaiser;HE0M0J2DY;3ovvjqd15c0mx4o;"217;Economy;1;Travis Kaiser;HE0M0J2DY;3ovvjqd15c0mx4o"
218;Economy;1;Riley Powell;1GID2C5BL;rv6sg2kbxf8k8kn;"218;Economy;1;Riley Powell;1GID2C5BL;rv6sg2kbxf8k8kn"
219;Economy;1;Brittney Snyder;N1R085D1C;2hl0idfemntvxga;"219;Economy;1;Brittney Snyder;N1R085D1C;2hl0idfemntvxga"
220;Economy;1;Carey Hernandez;KYVUMUQD9;zgofxcym1rmy8af;"220;Economy;1;Carey Hernandez;KYVUMUQD9;zgofxcym1rmy8af"
221;Economy;1;Allison Mccoy;QQS3LV3WT;34989hzakvoq3rz;"221;Economy;1;Allison Mccoy;QQS3LV3WT;34989hzakvoq3rz"
222;Economy;1;Erika Munoz;93XD1FAAW;pdlfmthfk42gzir;"222;Economy;1;Erika Munoz;93XD1FAAW;pdlfmthfk42gzir"
223;Economy;1;Colleen Cox;WE5NQPXPU;iz1c51day6ichyw;"223;Economy;1;Colleen Cox;WE5NQPXPU;iz1c51day6ichyw"
224;Economy;1;Ward Suarez;WR3FP64X3;1cdwaqjsckzfyik;"224;Economy;1;Ward Suarez;WR3FP64X3;1cdwaqjsckzfyik"
225;Economy;1;Antonia Hawkins;A6EI1F42S;a4nrrepzvfdtwnx;"225;Economy;1;Antonia Hawkins;A6EI1F42S;a4nrrepzvfdtwnx"
226;Economy;1;Kermit Randolph;JQUGC6W7A;3a2m635do82ty4k;"226;Economy;1;Kermit Randolph;JQUGC6W7A;3a2m635do82ty4k"
227;Economy;1;Eli Benson;G2TR3KVKF;mif4wuk5b7ja0z7;"227;Economy;1;Eli Benson;G2TR3KVKF;mif4wuk5b7ja0z7"
228;Economy;1;Joyce Haas;TML7FKFS7;d9skoojxrwyn571;"228;Economy;1;Joyce Haas;TML7FKFS7;d9skoojxrwyn571"
229;Economy;1;Elizabeth Riddle;RI5CU0V75;rmgurp9jb543lox;"229;Economy;1;Elizabeth Riddle;RI5CU0V75;rmgurp9jb543lox"
230;Economy;1;Willie Porter;4GNX2H522;fdq0tk19mf7fn8x;"230;Economy;1;Willie Porter;4GNX2H522;fdq0tk19mf7fn8x"
231;Economy;1;Hollis Perkins;M0KQVEK74;vdu37zu86u0dvzw;"231;Economy;1;Hollis Perkins;M0KQVEK74;vdu37zu86u0dvzw"
232;Economy;1;Harris Calhoun;7W11ZT1NP;v8eue8sup6attux;"232;Economy;1;Harris Calhoun;7W11ZT1NP;v8eue8sup6attux"
233;Economy;1;Andre Knox;5ZV66O1AP;xba9ydjx6fye1x1;"233;Economy;1;Andre Knox;5ZV66O1AP;xba9ydjx6fye1x1"
234;Economy;1;Robt Silva;HWMAYZLK9;qa78j7srjgocup4;"234;Economy;1;Robt Silva;HWMAYZLK9;qa78j7srjgocup4"
235;Economy;1;Allen Rowe;49UL0ATFC;nu4ipp8ms3s74cr;"235;Economy;1;Allen Rowe;49UL0ATFC;nu4ipp8ms3s74cr"
236;Economy;1;Mollie Lang;4FMXDRQ77;8c8gznpnvhj80w1;"236;Economy;1;Mollie Lang;4FMXDRQ77;8c8gznpnvhj80w1"
237;Economy;1;Carly Macdonald;DV61CWX7T;u98wop2hynyack2;"237;Economy;1;Carly Macdonald;DV61CWX7T;u98wop2hynyack2"
238;Economy;1;Rolf Carlson;B9PWQRGT4;7lc5mb3hzzahvrz;"238;Economy;1;Rolf Carlson;B9PWQRGT4;7lc5mb3hzzahvrz"
239;Economy;1;Celeste Austin;25B2HDDHX;rr0ggtyfmwncp7w;"239;Economy;1;Celeste Austin;25B2HDDHX;rr0ggtyfmwncp7w"
240;Economy;1;Herschel Powers;U4LYB8XP2;po4y88ali0afw3u;"240;Economy;1;Herschel Powers;U4LYB8XP2;po4y88ali0afw3u"
241;Economy;1;Clifford Marshall;9DV6JQ3B7;m5bd0177dxcbi8a;"241;Economy;1;Clifford Marshall;9DV6JQ3B7;m5bd0177dxcbi8a"
242;Economy;1;Anibal Compton;VJ267OWOO;6hfmadtnc8r4hjg;"242;Economy;1;Anibal Compton;VJ267OWOO;6hfmadtnc8r4hjg"
243;Economy;1;Dante Washington;UV6V2OG2C;di9bgjbv4dp4ew9;"243;Economy;1;Dante Washington;UV6V2OG2C;di9bgjbv4dp4ew9"
244;Economy;1;Dawn Elliott;C6H9JP6Q5;fwxhofhwv9babeq;"244;Economy;1;Dawn Elliott;C6H9JP6Q5;fwxhofhwv9babeq"
245;Economy;1;Myles Combs;EAKFB0VG8;gvxh9nhg4f87eba;"245;Economy;1;Myles Combs;EAKFB0VG8;gvxh9nhg4f87eba"
246;Economy;1;Janine Barber;R98I7T3A4;xkowjvdkma58p30;"246;Economy;1;Janine Barber;R98I7T3A4;xkowjvdkma58p30"
247;Economy;1;Ulysses Ford;DNTYJRRJ9;dd31z1aj7wwmi3j;"247;Economy;1;Ulysses Ford;DNTYJRRJ9;dd31z1aj7wwmi3j"
248;Economy;1;Bettie Hendricks;204GGSJ4C;jxjsiclneg0q3em;"248;Economy;1;Bettie Hendricks;204GGSJ4C;jxjsiclneg0q3em"
249;Economy;1;Minh Middleton;D6FO2CU1Y;quolereqt0qyc2i;"249;Economy;1;Minh Middleton;D6FO2CU1Y;quolereqt0qyc2i"
250;Economy;1;Darwin Hill;VNOC933OY;0zdmpc61oev5jmk;"250;Economy;1;Darwin Hill;VNOC933OY;0zdmpc61oev5jmk"
251;Economy;1;Bridgette Mcdowell;0D903FOJU;fkjef6djyurupdt;"251;Economy;1;Bridgette Mcdowell;0D903FOJU;fkjef6djyurupdt"
252;Economy;1;Ricky Black;YJP1M1F8E;809ygbi6dmedmh5;"252;Economy;1;Ricky Black;YJP1M1F8E;809ygbi6dmedmh5"
253;Economy;1;Taylor Day;36Y9PS2HW;7iym8976dho7fo3;"253;Economy;1;Taylor Day;36Y9PS2HW;7iym8976dho7fo3"
254;Economy;1;Helene Mack;RVLE0FNZY;6b8eun1p6b9lx33;"254;Economy;1;Helene Mack;RVLE0FNZY;6b8eun1p6b9lx33"
255;Economy;1;Jess Whitney;BF1JEI0SA;yxf9fbbegb3bdnw;"255;Economy;1;Jess Whitney;BF1JEI0SA;yxf9fbbegb3bdnw"
256;Economy;1;Jefferey Nolan;H75XWUJBC;2m7z9hek5lugo82;"256;Economy;1;Jefferey Nolan;H75XWUJBC;2m7z9hek5lugo82"
257;Economy;1;Cherie Morris;1WDP0263B;s3rmh052dgryk5o;"257;Economy;1;Cherie Morris;1WDP0263B;s3rmh052dgryk5o"
258;Economy;1;Britt Larsen;1G82HF4VR;hu4l2p88ow9qe7z;"258;Economy;1;Britt Larsen;1G82HF4VR;hu4l2p88ow9qe7z"
259;Economy;1;Lilia French;B0PWGGMXR;vjpnqaijl40w6gk;"259;Economy;1;Lilia French;B0PWGGMXR;vjpnqaijl40w6gk"
260;Economy;1;Zelma Tyler;HDLABYWR9;5o4xts9kyjzlswa;"260;Economy;1;Zelma Tyler;HDLABYWR9;5o4xts9kyjzlswa"
261;Economy;1;Lilian Newton;69LREI68B;d7bygkqrore628y;"261;Economy;1;Lilian Newton;69LREI68B;d7bygkqrore628y"
262;Economy;1;Molly Hoffman;UM3BTWMMM;o69uxlxqj3ltbbn;"262;Economy;1;Molly Hoffman;UM3BTWMMM;o69uxlxqj3ltbbn"
263;Economy;1;Murray Douglas;3D60OAJFH;m1uelkit60ohnsd;"263;Economy;1;Murray Douglas;3D60OAJFH;m1uelkit60ohnsd"
264;Economy;1;Rena Ray;ORFGDECG3;6uawucgda8ktc5h;"264;Economy;1;Rena Ray;ORFGDECG3;6uawucgda8ktc5h"
265;Economy;1;Damian Mays;86K3F5PUB;rddlhk14myg4nsk;"265;Economy;1;Damian Mays;86K3F5PUB;rddlhk14myg4nsk"
266;Economy;1;Guadalupe Simmons;EGAF9LCGG;z518kp2x1ib9kw6;"266;Economy;1;Guadalupe Simmons;EGAF9LCGG;z518kp2x1ib9kw6"
267;Economy;1;Everette Krueger;QZMZNWARO;rnppo8bqr1o2oml;"267;Economy;1;Everette Krueger;QZMZNWARO;rnppo8bqr1o2oml"
268;Economy;1;Jamaal Schroeder;XLX7AB8DJ;oa5oley0k5dgkrc;"268;Economy;1;Jamaal Schroeder;XLX7AB8DJ;oa5oley0k5dgkrc"
269;Economy;1;Cheryl Moon;BQUXJ8O0O;dgf7z3t8c71xcl0;"269;Economy;1;Cheryl Moon;BQUXJ8O0O;dgf7z3t8c71xcl0"
270;Economy;1;Aurelia Poole;X6T4V8S9V;x63i3f2hbmdtlif;"270;Economy;1;Aurelia Poole;X6T4V8S9V;x63i3f2hbmdtlif"
271;Economy;1;Ronnie Logan;F21RBLQKM;eoky6jqa4aw59rz;"271;Economy;1;Ronnie Logan;F21RBLQKM;eoky6jqa4aw59rz"
272;Economy;1;Katina Ayala;NO4QC4XJI;vh7mypopi6yid1q;"272;Economy;1;Katina Ayala;NO4QC4XJI;vh7mypopi6yid1q"
273;Economy;1;Issac Hampton;SAFFYRK53;zcidxxxcecnk0th;"273;Economy;1;Issac Hampton;SAFFYRK53;zcidxxxcecnk0th"
274;Economy;1;Chas Mcclain;BGNTGICN6;35epex3ay8audgf;"274;Economy;1;Chas Mcclain;BGNTGICN6;35epex3ay8audgf"
275;Economy;1;Alfreda Christian;YM2SLB7BM;gplu1p37rhdpsrk;"275;Economy;1;Alfreda Christian;YM2SLB7BM;gplu1p37rhdpsrk"
276;Economy;1;Ada Cooke;Z98EUUIHP;jenhsswd6qydt5l;"276;Economy;1;Ada Cooke;Z98EUUIHP;jenhsswd6qydt5l"
277;Economy;1;Hannah Wells;W626OLEHC;0hwf3s6e9d9223b;"277;Economy;1;Hannah Wells;W626OLEHC;0hwf3s6e9d9223b"
278;Economy;1;Mauro Howard;K7QCH60HQ;z1att76kgynjs7y;"278;Economy;1;Mauro Howard;K7QCH60HQ;z1att76kgynjs7y"
279;Economy;1;Sebastian Cardenas;POWP4EV3H;5n4aoafoa3ugtiq;"279;Economy;1;Sebastian Cardenas;POWP4EV3H;5n4aoafoa3ugtiq"
280;Economy;1;Meagan Ramsey;98NI18RU4;y3587uk78aox8mi;"280;Economy;1;Meagan Ramsey;98NI18RU4;y3587uk78aox8mi"
281;Economy;1;Dona Avery;WBAFB7DFO;qucdw4vep0blbcl;"281;Economy;1;Dona Avery;WBAFB7DFO;qucdw4vep0blbcl"
282;Economy;1;Luther Wheeler;E2T8689ZM;htntgiyzrj5f5hi;"282;Economy;1;Luther Wheeler;E2T8689ZM;htntgiyzrj5f5hi"
283;Economy;1;Myrtle Holt;GYNLPOATP;33uy39yz00khfdx;"283;Economy;1;Myrtle Holt;GYNLPOATP;33uy39yz00khfdx"
284;Economy;1;Tommie Kent;2M9K8J3UY;wt3asen31vvd633;"284;Economy;1;Tommie Kent;2M9K8J3UY;wt3asen31vvd633"
285;Economy;1;Krystal Dennis;BP0J4Y4SX;wg69g8tstnyw44o;"285;Economy;1;Krystal Dennis;BP0J4Y4SX;wg69g8tstnyw44o"
286;Economy;1;Etta Jackson;6ZNOUSMQT;2v19fcdnl7a21ai;"286;Economy;1;Etta Jackson;6ZNOUSMQT;2v19fcdnl7a21ai"
287;Economy;1;Benito Caldwell;F2NQPGZGE;z3ojn6s0etrothm;"287;Economy;1;Benito Caldwell;F2NQPGZGE;z3ojn6s0etrothm"
288;Economy;1;Shelby Mercado;JIGHL3428;njfwmag37ju924y;"288;Economy;1;Shelby Mercado;JIGHL3428;njfwmag37ju924y"
289;Economy;1;Joseph Stokes;INLSALQYR;4jp5cty7dki6t4r;"289;Economy;1;Joseph Stokes;INLSALQYR;4jp5cty7dki6t4r"
290;Economy;1;Roberto Armstrong;4PT7Y0HKQ;71w7415uk4y932e;"290;Economy;1;Roberto Armstrong;4PT7Y0HKQ;71w7415uk4y932e"
291;Economy;1;Jonas Stone;OM8WRSASU;e8ewaqbyrvb80iv;"291;Economy;1;Jonas Stone;OM8WRSASU;e8ewaqbyrvb80iv"
292;Economy;1;Nathaniel Reeves;BOL553EMN;86nlb4mvx09neiy;"292;Economy;1;Nathaniel Reeves;BOL553EMN;86nlb4mvx09neiy"
293;Economy;1;Clyde Barrow;14O0JWN65;89cb6uebuccwdqg;"293;Economy;1;Clyde Barrow;14O0JWN65;89cb6uebuccwdqg"
;;375;;;;